"0","library(tidyverse)"
"0","library(tseries) "
"0","library(car)"
"0","library(forecast) "
"0","require(stats)"
"0","library(vars)"
"0","library(MASS) "
"0","require(stats4) "
"0","require(""datasets"") "
"0","require(graphics) "
"0","library(RColorBrewer) "
"0","library(dynlm)"
"0","library(ggcorrplot)"
"0","library(olsrr)"
"0","library(readxl)"
"0","library(ISLR)"
"0","library(dplyr)"
"0","library(tidyverse)"
"0","library(class)"
"0","library(gridExtra)"
"0","library(caTools)"
"0","library(boot)"
